{"loss": 0.24310708045959473, "acc": 0.9182999730110168}