{"loss": 0.2442721426486969, "acc": 0.9097999930381775}